Id15_v30,hypeid,obsstednr
11100001,1,
11100003,2,1000219.0
11100004,3,
11100005,4,
11100006,5,
11100009,6,
11100055,7,1000228.0
11100056,8,
11100058,9,
11100066,10,
11100074,11,
11100077,12,
11100078,13,
11100093,14,
11100099,15,
11100299,16,
11102587,17,
12000001,18,
12000045,19,
12100001,20,
12100011,21,
12410001,22,
12410002,23,
12410003,24,
12410004,25,
12410005,26,
12410006,27,
12410007,28,
12410008,29,
12410009,30,
12410010,31,22000640.0
12410011,32,22000044.0
12410012,33,
12410017,34,
12410023,35,22000419.0
12410024,36,
12410059,37,
12410060,38,22000047.0
12410066,39,
12410076,40,
12410111,41,
12410119,42,
12410124,43,
12410222,44,
12411515,45,22000336.0
12420001,46,
12420002,47,
12420003,48,
12420004,49,
12420018,50,
12420022,51,
12420023,52,22000234.0
12430001,53,
12430002,54,
12430003,55,
12430004,56,
12430017,57,
12430023,58,
12430031,59,
12430033,60,
12430044,61,
12430111,62,
12430115,63,
12430222,64,
12430244,65,
12430245,66,
12430248,67,
12430277,68,
12430376,69,
12430399,70,22000057.0
12430456,71,22000062.0
12430466,72,
12430552,73,
12430570,74,
12430589,75,
12430590,76,22000048.0
12430591,77,22000043.0
12430600,78,
12430634,79,
12430645,80,
12430666,81,22000050.0
12430686,82,
12430700,83,
12430706,84,
12430712,85,
12430720,86,22000158.0
12430722,87,
12430723,88,22000194.0
12430730,89,
12430731,90,22000046.0
12430732,91,
12430734,92,
12430735,93,
12430736,94,
12430737,95,22001540.0
12430738,96,
12430739,97,
12430741,98,
12430745,99,
12430747,100,22000225.0
12430756,101,
12430758,102,
12430761,103,
12430765,104,
12430767,105,
12430773,106,
12430774,107,
12430776,108,
12430777,109,22000054.0
12430779,110,
12430781,111,
12430784,112,
12430785,113,
12430787,114,
12430797,115,
12430799,116,
12431033,117,
12431076,118,
12431077,119,22000053.0
12431570,120,22001542.0
12431779,121,22001541.0
12432222,122,
12500001,123,
13100001,124,
13210001,125,
13210002,126,
13210003,127,25000707.0
13210009,128,
13210010,129,
13210013,130,
13210014,131,
13210015,132,
13210016,133,
13210017,134,
13210018,135,
13210019,136,
13210020,137,25000087.0
13210021,138,
13210022,139,
13210023,140,
13210024,141,25001149.0
13210026,142,
13210028,143,25001107.0
13210029,144,25000673.0
13210044,145,
13210055,146,
13210113,147,
13210116,148,
13210126,149,
13210128,150,
13210146,151,
13210214,152,
13210258,153,
13210315,154,
13210346,155,
13210355,156,
13210487,157,
13210489,158,
13210526,159,25003596.0
13210566,160,
13210589,161,
13210722,162,25000075.0
13210733,163,25000086.0
13210747,164,
13211126,165,
13212126,166,
13213126,167,
13215841,168,
13220001,169,
13220002,170,
13220003,171,
13220022,172,
13220111,173,
13230000,174,
13230001,175,
13230002,176,
13230003,177,25000091.0
13230004,178,
13230005,179,
13230006,180,
13230007,181,
13230008,182,
13230009,183,
13230010,184,
13230011,185,
13230012,186,
13230013,187,
13230014,188,
13230015,189,
13230016,190,
13230017,191,
13230018,192,
13230019,193,
13230020,194,
13230021,195,
13230022,196,
13230023,197,
13230024,198,
13230025,199,
13230026,200,
13230027,201,
13230028,202,
13230029,203,
13230030,204,
13230033,205,
13230044,206,
13230055,207,
13230066,208,
13230096,209,
13230110,210,25000629.0
13230115,211,
13230116,212,25000639.0
13230123,213,25003217.0
13230212,214,
13230221,215,
13230222,216,25001614.0
13230223,217,25003547.0
13230224,218,
13230227,219,
13230228,220,
13230234,221,
13230237,222,
13230238,223,
13230244,224,25003599.0
13230258,225,
13230264,226,
13230266,227,
13230267,228,
13230268,229,25000716.0
13230275,230,
13230297,231,
13230334,232,
13230335,233,
13230343,234,25003597.0
13230398,235,25000097.0
13230399,236,
13230404,237,
13230412,238,
13230417,239,
13230428,240,
13230432,241,
13230436,242,
13230444,243,
13230445,244,
13230453,245,25003595.0
13230458,246,
13230461,247,
13230466,248,
13230469,249,25000078.0
13230474,250,
13230487,251,
13230500,252,
13230511,253,
13230512,254,
13230513,255,
13230518,256,
13230521,257,
13230522,258,
13230524,259,
13230528,260,25000362.0
13230529,261,
13230532,262,
13230533,263,
13230534,264,
13230537,265,
13230538,266,
13230539,267,
13230551,268,25000082.0
13230555,269,25000275.0
13230565,270,
13230566,271,
13230567,272,
13230568,273,
13230572,274,
13230576,275,
13230582,276,
13230587,277,
13230588,278,
13230611,279,
13230612,280,
13230613,281,
13230617,282,
13230622,283,
13230627,284,
13230634,285,
13230637,286,
13230642,287,
13230645,288,
13230647,289,
13230664,290,
13230666,291,
13230668,292,
13230670,293,
13230680,294,
13230684,295,
13230687,296,
13230688,297,25000019.0
13230704,298,25000020.0
13230705,299,
13230712,300,
13230724,301,
13230726,302,
13230734,303,25000021.0
13230755,304,
13230757,305,
13230768,306,25000642.0
13230777,307,
13230778,308,
13230821,309,
13230866,310,
13230888,311,
13230920,312,
13230922,313,
13230940,314,
13230941,315,25000085.0
13230951,316,
13230989,317,
13231051,318,
13231054,319,
13231116,320,
13231118,321,25000483.0
13231141,322,
13231258,323,
13231260,324,25000018.0
13231261,325,
13231275,326,
13231332,327,25000733.0
13231333,328,
13231334,329,
13231335,330,
13231372,331,25003189.0
13231378,332,25001085.0
13231399,333,
13231400,334,
13231401,335,25000592.0
13231417,336,
13231466,337,
13231474,338,
13231645,339,
13231647,340,
13232255,341,
13232331,342,
13232596,343,
13232678,344,
13234587,345,
13235940,346,
13236874,347,
13300001,348,
14100001,349,
14100002,350,
14100003,351,
14100004,352,
14100005,353,
14100006,354,
14100007,355,30000215.0
14100009,356,
14100010,357,
14100011,358,
14100017,359,
14100019,360,
14100027,361,
14100034,362,
14100079,363,
14100094,364,
14100098,365,
14100099,366,
14100111,367,30000052.0
14100112,368,
14100547,369,
14100875,370,
15100001,371,
15200001,372,
15300001,373,
15300002,374,
15300050,375,
16100001,376,
16100002,377,
16100003,378,
16100004,379,
16100005,380,
16100006,381,
16100007,382,
16100008,383,
16100009,384,
16100010,385,
16100011,386,
16100012,387,
16100013,388,
16100014,389,
16100015,390,
16100016,391,
16100017,392,
16100018,393,31000016.0
16100019,394,
16100020,395,
16100021,396,
16100022,397,
16100023,398,
16100024,399,
16100026,400,
16100027,401,
16100028,402,
16100029,403,
16100030,404,
16100055,405,
16100066,406,
16100073,407,
16100077,408,
16100078,409,
16100079,410,
16100082,411,
16100111,412,
16100115,413,
16100116,414,
16100141,415,
16100181,416,
16100187,417,
16100188,418,
16100222,419,
16100255,420,
16100277,421,
16100333,422,
16100446,423,35000010.0
16100467,424,
16100479,425,
16100541,426,
16100546,427,
16100555,428,
16100592,429,31000027.0
16100594,430,31000032.0
16100600,431,
16100601,432,
16100602,433,
16100603,434,
16100604,435,
16100644,436,
16100672,437,
16100673,438,
16100685,439,35000018.0
16100686,440,
16100687,441,
16100699,442,
16100700,443,
16100709,444,
16100710,445,
16100711,446,
16100712,447,35000013.0
16100721,448,31000021.0
16100722,449,
16100723,450,
16100733,451,
16100737,452,
16100739,453,
16100741,454,31000017.0
16100754,455,
16100764,456,31000023.0
16100766,457,
16100777,458,
16100787,459,
16100788,460,
16100793,461,
16100800,462,35000008.0
16100801,463,
16100805,464,
16100815,465,
16100842,466,
16100843,467,
16100874,468,31001108.0
16100881,469,
16100888,470,
16100902,471,
16100911,472,
16100928,473,
16100988,474,
16101000,475,
16101072,476,
16101086,477,
16101087,478,
16101090,479,31000031.0
16101111,480,
16101121,481,
16101144,482,
16101188,483,
16101194,484,
16101487,485,
16101546,486,31000044.0
16101603,487,
16101700,488,
16101801,489,
16101881,490,
16101886,491,
16102020,492,
16102200,493,
16106183,494,35000006.0
16200000,495,
16200001,496,
16200002,497,
16200003,498,
16200004,499,
16200005,500,
16200006,501,
16200007,502,
16200008,503,
16200011,504,
16200020,505,
16200024,506,
16200026,507,
16200055,508,38000221.0
16200098,509,
16200122,510,
16200144,511,
16200155,512,38000209.0
16200222,513,
16200225,514,
16200234,515,
16200244,516,38000052.0
16200331,517,
16200334,518,38000107.0
16200355,519,
16200437,520,
16200443,521,36000009.0
16200444,522,38000023.0
16200489,523,
16200500,524,
16200531,525,
16200555,526,
16200557,527,
16200595,528,38000024.0
16200596,529,
16200600,530,36000192.0
16200602,531,
16200607,532,36000008.0
16200612,533,36000061.0
16200622,534,
16200624,535,
16200627,536,
16200633,537,
16200644,538,
16200645,539,
16200648,540,
16200651,541,
16200652,542,
16200657,543,
16200658,544,
16200659,545,
16200666,546,
16200674,547,
16200677,548,
16200680,549,
16200689,550,
16200690,551,36000012.0
16200699,552,
16200752,553,
16200753,554,
16200788,555,
16200789,556,
16200828,557,
16200829,558,
16200837,559,
16200838,560,36000016.0
16200839,561,36000018.0
16200840,562,36000015.0
16200841,563,
16200844,564,
16200854,565,38000047.0
16200872,566,
16200888,567,
16200890,568,
16200896,569,
16200913,570,
16200952,571,
16200999,572,
16201107,573,
16201108,574,38000250.0
16201109,575,
16201112,576,
16201144,577,
16201195,578,
16201199,579,
16201324,580,38000246.0
16201328,581,38000019.0
16201388,582,
16201394,583,
16201448,584,
16201541,585,
16201558,586,
16201587,587,
16201733,588,
16201844,589,
16204875,590,
16300001,591,
16300002,592,
16300003,593,
16300004,594,
16300005,595,
16300012,596,
16300017,597,
16300027,598,
16300044,599,
16300111,600,39000001.0
16300222,601,
16300483,602,39000002.0
16300555,603,
16300723,604,
16300775,605,
16300777,606,
16300874,607,
16510001,608,
16510002,609,
16510003,610,
16510004,611,
16510005,612,
16510006,613,
16510007,614,
16510008,615,
16510009,616,
16510010,617,
16510011,618,
16510012,619,
16510013,620,
16510014,621,
16510015,622,
16510016,623,
16510017,624,
16510018,625,
16510019,626,
16510020,627,
16510021,628,
16510022,629,
16510024,630,
16510025,631,
16510026,632,
16510028,633,
16510029,634,
16510035,635,
16510048,636,
16510088,637,
16510099,638,
16510112,639,
16510115,640,
16510125,641,
16510128,642,
16510194,643,
16510195,644,
16510324,645,
16510335,646,42000478.0
16510336,647,
16510344,648,
16510367,649,
16510407,650,42000379.0
16510419,651,42000021.0
16510421,652,
16510439,653,
16510441,654,
16510446,655,
16510453,656,
16510455,657,
16510456,658,
16510462,659,
16510465,660,42000366.0
16510477,661,
16510478,662,
16510498,663,
16510499,664,42000074.0
16510514,665,
16510543,666,
16510600,667,
16510613,668,
16510619,669,
16510620,670,42000012.0
16510621,671,
16510622,672,
16510623,673,
16510624,674,
16510656,675,
16510665,676,
16510678,677,
16510691,678,
16510692,679,40000001.0
16510700,680,
16510723,681,42001011.0
16510744,682,40000165.0
16510745,683,
16510765,684,
16510774,685,
16510815,686,42000022.0
16510816,687,42000017.0
16510817,688,
16510818,689,
16510819,690,42000019.0
16510833,691,
16510864,692,42000125.0
16510865,693,42000124.0
16510874,694,
16510877,695,
16510886,696,
16510888,697,
16510890,698,
16510901,699,
16510925,700,
16510944,701,
16510965,702,
16510970,703,
16510988,704,42000020.0
16511168,705,
16511407,706,
16511478,707,
16511489,708,
16511768,709,42000014.0
16511864,710,
16512589,711,
21000001,712,
21100001,713,
21100002,714,
21100003,715,
21100004,716,
21100005,717,
21100009,718,
21100017,719,
21100022,720,
21100055,721,
21100411,722,3000002.0
21100423,723,
21100444,724,
21100456,725,
21100466,726,
21100467,727,
21100488,728,
21100498,729,
21100608,730,3000003.0
21100619,731,
21100655,732,
21100672,733,
21100678,734,
21100688,735,
21100867,736,
22000001,737,
22130001,738,
22130002,739,
22130003,740,1000102.0
22130004,741,
22130005,742,
22130007,743,
22130011,744,
22130017,745,
22130023,746,1000315.0
22130092,747,
22130418,748,4000005.0
22130489,749,
22130544,750,
22130579,751,
22130618,752,4000002.0
22130629,753,
22130634,754,
22130644,755,
22130655,756,
22130657,757,
22130659,758,
22130663,759,
22130667,760,
22130678,761,
22130693,762,
22130753,763,
22130757,764,
22160001,765,
22160002,766,
22160003,767,
22160004,768,
22160005,769,
22160017,770,
23100001,771,
23100017,772,
23100037,773,
23100048,774,
23100085,775,
30110001,776,
30110002,777,
30110003,778,
30120001,779,
30120017,780,
30130001,781,
30200001,782,
31020020,783,
31100001,784,
31100002,785,
31100017,786,
31100059,787,
31100111,788,
31100495,789,
31100765,790,48000007.0
31100995,791,
32100001,792,
32110020,793,
32130001,794,
32130002,795,
32130003,796,
32150020,797,
32160001,798,
32160002,799,
32160003,800,
32160004,801,51000001.0
32160005,802,
32160006,803,
32160008,804,
32160017,805,
32160023,806,
32160026,807,
32160031,808,
32160051,809,
32160088,810,
32160117,811,
32160225,812,
32160300,813,
32160357,814,
32160584,815,
32170001,816,
32180001,817,
32180002,818,
32180003,819,
32180017,820,
32180021,821,
32180055,822,
32180060,823,
32190001,824,
32190003,825,
32210001,826,
32210002,827,
32210017,828,
32210022,829,
32210417,830,49000054.0
32210488,831,49000057.0
32210754,832,
32210756,833,49000061.0
32211117,834,49000094.0
32211118,835,49000092.0
32211120,836,
32211121,837,
32211251,838,49000090.0
32211253,839,
32211325,840,
32211326,841,
32211328,842,49000066.0
32211363,843,
32211364,844,
32211365,845,
32211366,846,
32211869,847,
32211888,848,
32211889,849,
32212458,850,49000146.0
32218363,851,49000227.0
32220001,852,
32220002,853,
32220011,854,
32220024,855,
32220111,856,52000198.0
32220123,857,52000029.0
32220234,858,
32220443,859,
32220451,860,
32220519,861,52000025.0
32220666,862,
32220921,863,
32221021,864,
32221111,865,
32230001,866,
32230002,867,
32230003,868,
32230005,869,
32230012,870,
32230023,871,52000040.0
32230033,872,
32230063,873,
32230086,874,52001041.0
32230087,875,
32230187,876,52000935.0
32230400,877,
32230439,878,52000039.0
32230499,879,
32230565,880,52000033.0
32230635,881,
32230699,882,
32230800,883,
32230874,884,
32230879,885,
32230886,886,
32230941,887,
32230982,888,
32231197,889,
32231198,890,
32235635,891,
32240020,892,
32240024,893,
32240027,894,
32240033,895,
32240459,896,52000063.0
32240516,897,52000199.0
32240658,898,
32240798,899,
32240799,900,52000064.0
32240800,901,52000020.0
32240801,902,
32241160,903,
32241161,904,
32241162,905,
32241784,906,
32250020,907,
32260020,908,
32260040,909,
32260060,910,
32260062,911,52000870.0
32260070,912,52000067.0
32260080,913,
32261300,914,
32261311,915,
32261344,916,
32261348,917,
32261368,918,
32261369,919,
32261370,920,
32261371,921,
32261395,922,
32261396,923,
32261398,924,
32261444,925,
32261500,926,
32261587,927,
32262368,928,52000068.0
32264589,929,52000425.0
32270001,930,
32270002,931,
32270003,932,
32270004,933,
32270017,934,
32270020,935,
32270021,936,
32270023,937,
32270044,938,
32270122,939,
32400001,940,
32400002,941,
32400011,942,
32400017,943,
32400045,944,
32400056,945,51000245.0
32400072,946,
32400223,947,
32400556,948,
32440001,949,
32440002,950,
32440021,951,
32440023,952,
32440024,953,
32440056,954,51000026.0
32440074,955,
32440222,956,51000261.0
32440223,957,
32460001,958,
32460002,959,
32460017,960,
32460020,961,51000002.0
32460111,962,
32460442,963,51000024.0
32460500,964,
32460567,965,
32460636,966,
32460902,967,
33100001,968,
33100002,969,
33100003,970,
33100052,971,
33100452,972,
33102452,973,
34100001,974,
34100002,975,
34100003,976,23000083.0
34100004,977,23000002.0
34100005,978,
34100006,979,
34100007,980,23000173.0
34100009,981,
34100010,982,
34100011,983,
34100017,984,
34100029,985,
34100055,986,
34100058,987,23000079.0
34100066,988,
34100077,989,
34100088,990,
34100099,991,
34100158,992,
34100617,993,
34200001,994,
34200002,995,
34200003,996,
34200004,997,
34200005,998,
34200006,999,
34200007,1000,
34200008,1001,
34200009,1002,
34200010,1003,
34200011,1004,
34200012,1005,
34200013,1006,
34200014,1007,24000050.0
34200015,1008,
34200016,1009,
34200017,1010,
34200018,1011,
34200019,1012,
34200020,1013,
34200021,1014,
34200022,1015,
34200023,1016,
34200026,1017,
34200027,1018,
34200028,1019,24000001.0
34200029,1020,
34200038,1021,
34200054,1022,
34200063,1023,
34200064,1024,
34200066,1025,
34200077,1026,
34200079,1027,
34200080,1028,
34200088,1029,
34200089,1030,
34200099,1031,24000148.0
34200110,1032,
34200111,1033,
34200112,1034,24000149.0
34200118,1035,
34200199,1036,
34200606,1037,24000061.0
34200999,1038,24000034.0
35100001,1039,
35200001,1040,
35200003,1041,
35200004,1042,
35200005,1043,
35200006,1044,
35200023,1045,
35200038,1046,
35200045,1047,
35200049,1048,23000087.0
35200057,1049,
35200078,1050,
35200079,1051,
35310001,1052,
35310002,1053,
35310003,1054,
35310004,1055,
35310005,1056,
35310006,1057,
35310007,1058,
35310017,1059,21000462.0
35320001,1060,
35320002,1061,
35320003,1062,
35320004,1063,
35320017,1064,
35320117,1065,
35320217,1066,
35320218,1067,
35320316,1068,
35320350,1069,
35320351,1070,
35320355,1071,
35320366,1072,
35320397,1073,21000467.0
35320416,1074,
35320511,1075,
35320512,1076,
35320522,1077,
35320523,1078,
35320527,1079,
35320530,1080,
35320533,1081,
35320539,1082,
35320540,1083,21000461.0
35320544,1084,
35320548,1085,
35320577,1086,
35320578,1087,21006467.0
35320585,1088,
35320586,1089,21000548.0
35320614,1090,
35320618,1091,
35320632,1092,
35320634,1093,21000535.0
35320637,1094,
35320665,1095,
35320666,1096,
35320667,1097,21001663.0
35320670,1098,
35320680,1099,
35320681,1100,
35320703,1101,
35320711,1102,
35320717,1103,
35320718,1104,
35320726,1105,
35320727,1106,
35320730,1107,
35320733,1108,
35320744,1109,
35320746,1110,
35320761,1111,
35320762,1112,
35320766,1113,21000794.0
35320777,1114,
35320786,1115,21000800.0
35320841,1116,
35320874,1117,
35320885,1118,
35320915,1119,
35320973,1120,
35321021,1121,
35321023,1122,
35321027,1123,
35321031,1124,
35321034,1125,
35321045,1126,
35321046,1127,
35321052,1128,21000923.0
35321055,1129,
35321056,1130,21000084.0
35321057,1131,21000446.0
35321058,1132,21000460.0
35321059,1133,21006549.0
35321060,1134,
35321063,1135,21000072.0
35321065,1136,
35321072,1137,
35321111,1138,
35321123,1139,21000020.0
35321151,1140,21006375.0
35321156,1141,
35321170,1142,
35321214,1143,
35321216,1144,21006462.0
35321217,1145,21000455.0
35321218,1146,
35321222,1147,
35321223,1148,
35321242,1149,
35321244,1150,21000085.0
35321256,1151,21000790.0
35321258,1152,21000087.0
35321260,1153,
35321275,1154,
35321276,1155,21000783.0
35321277,1156,21000780.0
35321279,1157,21000788.0
35321280,1158,21001151.0
35321287,1159,
35321289,1160,21000791.0
35321290,1161,21000793.0
35321291,1162,21000799.0
35321297,1163,
35321306,1164,
35321307,1165,21006036.0
35321309,1166,21006038.0
35321310,1167,
35321315,1168,
35321321,1169,21006037.0
35321344,1170,
35321349,1171,
35321350,1172,
35321351,1173,21006035.0
35321352,1174,21000712.0
35321353,1175,21000487.0
35321354,1176,21000803.0
35321355,1177,21000786.0
35321356,1178,
35321359,1179,21006597.0
35321366,1180,
35321378,1181,
35321379,1182,
35321380,1183,21000861.0
35321382,1184,
35321383,1185,
35321384,1186,
35321385,1187,
35321386,1188,
35321388,1189,21000061.0
35321389,1190,21000529.0
35321390,1191,
35321391,1192,21000528.0
35321392,1193,
35321399,1194,
35321407,1195,
35321408,1196,
35321410,1197,
35321411,1198,
35321413,1199,
35321415,1200,21003273.0
35321416,1201,
35321417,1202,21002628.0
35321418,1203,21006372.0
35321419,1204,21000569.0
35321420,1205,21000873.0
35321421,1206,
35321423,1207,
35321424,1208,21000563.0
35321425,1209,21000089.0
35321426,1210,
35321427,1211,
35321431,1212,21000665.0
35321432,1213,21000666.0
35321433,1214,
35321434,1215,21000648.0
35321435,1216,
35321436,1217,21000572.0
35321437,1218,
35321438,1219,
35321439,1220,
35321440,1221,21000752.0
35321441,1222,
35321442,1223,21000759.0
35321447,1224,21000577.0
35321448,1225,21002451.0
35321449,1226,
35321451,1227,
35321453,1228,
35321454,1229,
35321455,1230,
35321457,1231,
35321459,1232,
35321460,1233,21000030.0
35321461,1234,21006206.0
35321462,1235,21006072.0
35321464,1236,
35321465,1237,
35321466,1238,
35321467,1239,
35321469,1240,
35321470,1241,21000872.0
35321472,1242,21000090.0
35321474,1243,21006071.0
35321475,1244,
35321476,1245,21000745.0
35321477,1246,
35321478,1247,21000587.0
35321479,1248,21000040.0
35321480,1249,21000806.0
35321481,1250,
35321483,1251,21000672.0
35321484,1252,21000526.0
35321485,1253,
35321486,1254,
35321487,1255,
35321488,1256,21000807.0
35321489,1257,
35321490,1258,
35321491,1259,
35321492,1260,
35321493,1261,
35321494,1262,
35321495,1263,
35321496,1264,21000760.0
35321498,1265,21001659.0
35321500,1266,
35321514,1267,21000591.0
35321515,1268,
35321516,1269,21000062.0
35321519,1270,
35321520,1271,21000110.0
35321523,1272,
35321524,1273,
35321542,1274,
35321543,1275,
35321555,1276,
35321581,1277,21000782.0
35321583,1278,
35321610,1279,
35321675,1280,
35321725,1281,
35321745,1282,
35321763,1283,21000065.0
35321777,1284,21000557.0
35321866,1285,
35321888,1286,21000647.0
35321926,1287,
35321986,1288,
35321999,1289,
35322366,1290,
35322516,1291,
35322547,1292,
35322578,1293,21000643.0
35323232,1294,
35323618,1295,21001449.0
35324463,1296,
35324587,1297,
35325379,1298,21000859.0
35325385,1299,
35325789,1300,21000863.0
35327456,1301,
35327841,1302,
35328498,1303,
35328581,1304,
35330005,1305,
35330006,1306,
35330008,1307,
35330017,1308,
35330019,1309,
35330020,1310,
35330021,1311,
35330024,1312,
35330099,1313,
35330234,1314,21000413.0
35330255,1315,
35330274,1316,
35330370,1317,
35330374,1318,
35330492,1319,
35330664,1320,
35330702,1321,
35330846,1322,
35330885,1323,
35331184,1324,
35331255,1325,
35400001,1326,
35400002,1327,
36110001,1328,
36110002,1329,
36110003,1330,
36110004,1331,
36110005,1332,
36110006,1333,
36110007,1334,
36110008,1335,
36110009,1336,
36110017,1337,15000048.0
36110023,1338,15000046.0
36110043,1339,
36110076,1340,
36110099,1341,
36110111,1342,15000280.0
36110433,1343,
36110444,1344,
36110641,1345,15000043.0
36110655,1346,
36110666,1347,
36110689,1348,15000002.0
36120001,1349,
36120002,1350,
36120017,1351,
36120023,1352,15000045.0
36120085,1353,
36120522,1354,
36120574,1355,
36120588,1356,15000069.0
36120590,1357,
36120591,1358,
36120632,1359,15000073.0
36120697,1360,
36120698,1361,
36120744,1362,15000109.0
36120745,1363,
36120775,1364,
36120777,1365,15000104.0
36120787,1366,
36130001,1367,
36130010,1368,15000042.0
36130015,1369,
36130017,1370,
36130023,1371,15000044.0
36130026,1372,15001056.0
36130117,1373,15001034.0
36130544,1374,15000034.0
36230001,1375,
36230002,1376,
36230003,1377,
36230021,1378,
36230099,1379,
36230449,1380,15000032.0
36230799,1381,
36230831,1382,
36230933,1383,
36231598,1384,
36260001,1385,
37110001,1386,
37110017,1387,
37130001,1388,
37130002,1389,
37130003,1390,
37130004,1391,
37130005,1392,
37130006,1393,
37130015,1394,7000099.0
37130024,1395,
37130065,1396,
37130088,1397,
37130377,1398,
37130387,1399,
37130414,1400,14000016.0
37130477,1401,
37130487,1402,
37130588,1403,
37130600,1404,
37130610,1405,
37130611,1406,14000020.0
37130619,1407,
37130633,1408,
37130743,1409,14000022.0
37130776,1410,
37130822,1411,
37130863,1412,
37130864,1413,
37130888,1414,
37130934,1415,
37130988,1416,14000219.0
37130989,1417,
37135874,1418,
37150001,1419,
37150002,1420,
37150003,1421,
37150512,1422,10000011.0
37170001,1423,7000333.0
37170002,1424,
37170033,1425,
37190001,1426,
37190019,1427,
37190066,1428,
37190088,1429,
37210001,1430,
37210002,1431,
37210004,1432,
37210005,1433,
37210006,1434,
37210013,1435,7000003.0
37210015,1436,
37210018,1437,
37210020,1438,
37210023,1439,
37210077,1440,
37210112,1441,
37210445,1442,
37210447,1443,
37210638,1444,
37210639,1445,10000010.0
37210777,1446,
37210866,1447,
37211258,1448,
37218974,1449,
37220001,1450,
37220002,1451,
37220003,1452,
37220004,1453,
37220005,1454,
37220006,1455,
37220007,1456,
37220008,1457,
37220010,1458,
37220011,1459,
37220012,1460,
37220013,1461,
37220014,1462,6000428.0
37220015,1463,
37220016,1464,
37220017,1465,10000016.0
37220019,1466,
37220022,1467,10000017.0
37220023,1468,
37220027,1469,6000427.0
37220029,1470,
37220116,1471,
37220222,1472,
37220225,1473,
37220378,1474,
37220600,1475,6000001.0
37220611,1476,
37220622,1477,
37220645,1478,
37220677,1479,
37220678,1480,
37220682,1481,
37220688,1482,
37220689,1483,
37220694,1484,
37220699,1485,
37220881,1486,
37220900,1487,6000306.0
37220987,1488,
37221313,1489,
37230001,1490,
37230006,1491,
37230012,1492,
37230017,1493,10000014.0
37230018,1494,
37230019,1495,
37230020,1496,
37230021,1497,
37230029,1498,
37230055,1499,
37230099,1500,
37230147,1501,
37230219,1502,
37230225,1503,
37230228,1504,
37240001,1505,
37240002,1506,
37240003,1507,
37240004,1508,
37240020,1509,0.0
37240028,1510,
37240055,1511,
37240070,1512,
37240075,1513,
37240111,1514,
37240158,1515,
37240410,1516,
37240441,1517,10000009.0
37240486,1518,
37240497,1519,
37240499,1520,
37240556,1521,
37240665,1522,
37241002,1523,
37247562,1524,
37260001,1525,
37260002,1526,9000172.0
37260004,1527,
37260005,1528,
37260006,1529,
37260007,1530,
37260008,1531,
37280001,1532,
37280002,1533,
37280003,1534,
37280017,1535,
37280019,1536,
37280023,1537,
37310001,1538,
37310002,1539,
37310024,1540,
37310026,1541,
37310056,1542,
37310088,1543,
37310224,1544,
37310333,1545,
37320001,1546,
37320002,1547,
37320003,1548,
37320004,1549,
37320024,1550,
37330001,1551,
37330002,1552,
37330003,1553,
37330004,1554,
37330005,1555,
37330006,1556,
37330009,1557,9000173.0
37330016,1558,
37330018,1559,
37330023,1560,
37330026,1561,13000116.0
37330029,1562,
37330052,1563,
37330053,1564,
37330066,1565,13000065.0
37330086,1566,
37330223,1567,13000117.0
37330345,1568,
37330666,1569,
37340001,1570,
37340002,1571,
37340003,1572,16000123.0
37340004,1573,
37340005,1574,
37340006,1575,16000054.0
37340007,1576,
37340008,1577,
37340009,1578,
37340010,1579,
37340017,1580,
37340043,1581,16001334.0
37340044,1582,
37340053,1583,16000649.0
37340058,1584,
37340456,1585,
37410023,1586,
37410429,1587,
37410598,1588,
37410628,1589,13000019.0
37410666,1590,
37410699,1591,
37410723,1592,
37410874,1593,
37420001,1594,
37420002,1595,
37420003,1596,0.0
37420004,1597,
37420017,1598,
37420027,1599,13000430.0
37430001,1600,13000055.0
37430002,1601,
37430003,1602,
37430004,1603,
37430005,1604,
37430006,1605,
37430017,1606,
37430055,1607,
37430066,1608,
37430625,1609,
37430649,1610,
37430666,1611,19000214.0
37430695,1612,13000011.0
37430697,1613,
37430874,1614,
37430975,1615,
37430982,1616,
37435689,1617,
37450001,1618,
37450002,1619,
37450005,1620,
37450006,1621,
37450007,1622,
37450008,1623,
37450009,1624,
37450011,1625,
37450012,1626,
37450013,1627,
37450016,1628,
37450019,1629,17002092.0
37450020,1630,
37450021,1631,
37450023,1632,17000007.0
37450029,1633,0.0
37450033,1634,
37450047,1635,19000042.0
37450048,1636,19000016.0
37450049,1637,19000075.0
37450050,1638,
37450055,1639,
37450056,1640,
37450076,1641,
37450078,1642,
37450080,1643,
37450087,1644,
37450099,1645,
37450111,1646,
37450134,1647,
37450156,1648,
37450222,1649,
37450333,1650,
37450355,1651,18000041.0
37450405,1652,
37450411,1653,
37450438,1654,19000012.0
37450461,1655,
37450466,1656,
37450477,1657,
37450488,1658,
37450494,1659,
37450497,1660,18000077.0
37450525,1661,
37450527,1662,
37450534,1663,18000005.0
37450584,1664,
37450622,1665,17000004.0
37450634,1666,19000015.0
37450659,1667,
37450681,1668,
37450688,1669,
37450716,1670,18000079.0
37450777,1671,
37450793,1672,18000078.0
37450802,1673,18000135.0
37450829,1674,
37450852,1675,
37450867,1676,18000454.0
37450876,1677,
37450888,1678,
37450927,1679,18000132.0
37450961,1680,
37450997,1681,
37451111,1682,
37451157,1683,18000887.0
37451193,1684,18000040.0
37451802,1685,18000471.0
37452589,1686,18000075.0
37470001,1687,
37470002,1688,
37470003,1689,
37470004,1690,20000856.0
37470005,1691,
37470006,1692,
37470007,1693,
37470008,1694,
37470010,1695,
37470012,1696,20000306.0
37470017,1697,20000034.0
37470020,1698,20000021.0
37470022,1699,
37470023,1700,20000308.0
37470027,1701,
37470029,1702,20000790.0
37470036,1703,20000852.0
37470054,1704,
37470064,1705,
37470066,1706,
37470077,1707,
37470111,1708,
37470226,1709,
37470227,1710,
37470228,1711,
37470229,1712,
37470403,1713,
37470414,1714,
37470422,1715,
37470444,1716,
37470466,1717,20000024.0
37470489,1718,
37470511,1719,
37470522,1720,
37470533,1721,
37470550,1722,
37470553,1723,16000030.0
37470555,1724,
37470566,1725,20000026.0
37470570,1726,
37470587,1727,
37470590,1728,
37470597,1729,
37470611,1730,
37470623,1731,
37470641,1732,
37470655,1733,
37470666,1734,
37470675,1735,20000025.0
37470676,1736,
37470678,1737,
37470679,1738,
37470680,1739,
37470707,1740,20000042.0
37470722,1741,
37470723,1742,
37470744,1743,
37470827,1744,
37470859,1745,
37470866,1746,
37470892,1747,
37470913,1748,
37471623,1749,
37510001,1750,
37510002,1751,
37510003,1752,
37510004,1753,
37510005,1754,
37510006,1755,
37510007,1756,16000070.0
37510008,1757,
37510012,1758,
37510033,1759,
37510034,1760,
37510045,1761,
37510452,1762,
37512255,1763,
37520001,1764,16000215.0
37520002,1765,
37520003,1766,16000777.0
37520004,1767,
37520022,1768,
37520034,1769,16000726.0
37520044,1770,
37520067,1771,
37520222,1772,
37520423,1773,16001302.0
37520444,1774,16000273.0
37520456,1775,16001299.0
37530001,1776,
37530002,1777,
37530003,1778,
37530017,1779,
37530458,1780,
37540001,1781,
37540002,1782,
37540003,1783,16000053.0
37540004,1784,
37540005,1785,
37540006,1786,
37540007,1787,
37540014,1788,
37540017,1789,16000411.0
37540019,1790,
37540022,1791,
37540023,1792,
37540026,1793,
37540027,1794,
37540056,1795,
37540077,1796,16000410.0
37540089,1797,
37540114,1798,
37540119,1799,
37540126,1800,
37540374,1801,
37540418,1802,16000276.0
37540801,1803,
37540821,1804,
37540822,1805,16000023.0
37541117,1806,
37542026,1807,16001095.0
37542117,1808,
37610001,1809,
37610002,1810,
37610003,1811,
37610004,1812,9000451.0
37610005,1813,
37610006,1814,
37610007,1815,
37610008,1816,
37610012,1817,
37610017,1818,
37610022,1819,
37610023,1820,
37610024,1821,
37610027,1822,
37610029,1823,
37610053,1824,
37610069,1825,
37610088,1826,
37610099,1827,
37610114,1828,
37610256,1829,
37610258,1830,
37610260,1831,
37610303,1832,9001110.0
37610745,1833,9000015.0
37610764,1834,9000001.0
37610765,1835,
37620001,1836,
37620002,1837,
37620003,1838,
37620004,1839,
37620005,1840,
37620017,1841,
37620044,1842,
37630001,1843,
37630002,1844,
37630003,1845,
37630004,1846,
37630006,1847,
37630007,1848,
37630012,1849,
37630016,1850,
37630022,1851,
37630147,1852,
37630216,1853,12000195.0
37630452,1854,
37630777,1855,12000519.0
37631116,1856,
37635452,1857,
37640001,1858,
37640002,1859,
37640003,1860,
37640004,1861,
37640017,1862,
37640019,1863,12000001.0
37640024,1864,
37640026,1865,
37640027,1866,
37640028,1867,
37640033,1868,
37640044,1869,
37640045,1870,
37710001,1871,
37710002,1872,
37710007,1873,
37710008,1874,
37710017,1875,
37710087,1876,
37710222,1877,16001309.0
37710529,1878,16000024.0
37720001,1879,
37720017,1880,
37720020,1881,
37720045,1882,
37720051,1883,
37720123,1884,
37730001,1885,11000014.0
37730002,1886,
37730003,1887,
37730004,1888,
37730005,1889,
37730006,1890,
37730007,1891,
37730008,1892,
37730009,1893,
37730011,1894,16000258.0
37730017,1895,
37730018,1896,16000158.0
37730019,1897,16000130.0
37730023,1898,16000261.0
37730028,1899,
37730030,1900,
37730035,1901,
37730036,1902,
37730037,1903,
37730040,1904,
37730044,1905,9000293.0
37730045,1906,
37730046,1907,
37730047,1908,
37730054,1909,
37730055,1910,
37730066,1911,
37730072,1912,
37730076,1913,
37730078,1914,
37730083,1915,
37730088,1916,
37730336,1917,
37731106,1918,11000011.0
37731235,1919,
37731242,1920,
37731244,1921,11000204.0
37731245,1922,
37731255,1923,11000009.0
37731256,1924,11000060.0
37731277,1925,
37731318,1926,
37731321,1927,11000016.0
37731357,1928,
37731362,1929,
37731555,1930,
37731668,1931,
37731755,1932,
37733578,1933,11000272.0
37735489,1934,
38120028,1935,
38120029,1936,
38140017,1937,
38140023,1938,
38140024,1939,
38140029,1940,
38140117,1941,
38140427,1942,8000001.0
38140464,1943,
38140481,1944,
38140485,1945,
38140486,1946,
38140488,1947,
38140498,1948,
38160001,1949,
38160002,1950,
38160008,1951,
38160017,1952,
38160020,1953,
38160111,1954,
38160119,1955,
38160420,1956,5000003.0
38160621,1957,
38160640,1958,
38160654,1959,
38160666,1960,
38160688,1961,
38160690,1962,
38160698,1963,
38160988,1964,
38161621,1965,5000078.0
39100001,1966,
39100002,1967,
39100003,1968,
39100004,1969,
39100005,1970,
39100007,1971,
39100013,1972,
39100017,1973,
39100023,1974,
39100026,1975,2000006.0
39100029,1976,
39101117,1977,
39200001,1978,
39200002,1979,
39200003,1980,
39200004,1981,
39200005,1982,
39200006,1983,
39200007,1984,
39200008,1985,
39200010,1986,
39200017,1987,
39200022,1988,
39200023,1989,2000014.0
39200422,1990,
39200436,1991,
39200440,1992,
39200448,1993,2000005.0
39200466,1994,
39200485,1995,
39205412,1996,
40110001,1997,
40110002,1998,
40110702,1999,
40120020,2000,
40210020,2001,
40220001,2002,
40230001,2003,
40230017,2004,
40240001,2005,
40250020,2006,
41100001,2007,
41100002,2008,
41100003,2009,
41100004,2010,
41100023,2011,
41100523,2012,
41150020,2013,
41200001,2014,
41200002,2015,
41200003,2016,
41200004,2017,
41200005,2018,
41200006,2019,
41200008,2020,
41200017,2021,
41200020,2022,
41200022,2023,
41200026,2024,
41200030,2025,
41200038,2026,
41200084,2027,
41200200,2028,
41201598,2029,
41210001,2030,
41220020,2031,
42100020,2032,
42210020,2033,
42220001,2034,
42230020,2035,
42240005,2036,
42250020,2037,
42310001,2038,
42310002,2039,
42310003,2040,
42310033,2041,
42320001,2042,
42320002,2043,
42320003,2044,
42320004,2045,
42320005,2046,
42320007,2047,
42320016,2048,
42320017,2049,
42320018,2050,
42320023,2051,45000044.0
42320026,2052,45001412.0
42320044,2053,
42320053,2054,
42320119,2055,
42320215,2056,
42320221,2057,
42320511,2058,45000058.0
42320648,2059,
42320655,2060,45000002.0
42320683,2061,
42320687,2062,45000043.0
42320708,2063,45000003.0
42320715,2064,
42320718,2065,45000004.0
42320719,2066,
42320720,2067,
42320721,2068,
42320722,2069,45000117.0
42320723,2070,45000047.0
42320724,2071,45000045.0
42320729,2072,
42320744,2073,
42320755,2074,
42320761,2075,
42320762,2076,
42320765,2077,
42320766,2078,
42320782,2079,
42320788,2080,
42320794,2081,
42320799,2082,
42320823,2083,
42320824,2084,45000059.0
42320825,2085,
42320830,2086,
42320831,2087,45000034.0
42320832,2088,45000035.0
42320834,2089,
42320835,2090,
42320836,2091,45000090.0
42320837,2092,
42320869,2093,45000368.0
42320919,2094,
42320951,2095,
42321174,2096,
42321178,2097,
42321192,2098,
42321715,2099,45000804.0
42321762,2100,
42321766,2101,45001337.0
42321782,2102,
42321869,2103,45000369.0
42322511,2104,
42330001,2105,
42330002,2106,
42330018,2107,45001404.0
42330023,2108,
42330118,2109,
42330444,2110,
42330452,2111,45000005.0
42330456,2112,
42330842,2113,
42330896,2114,45000042.0
42330897,2115,45000041.0
42400001,2116,
42500001,2117,
42600002,2118,
42600003,2119,
42600042,2120,43000003.0
42700020,2121,
42700021,2122,
43100001,2123,
43200001,2124,29000535.0
43200002,2125,
43200003,2126,
43200100,2127,
43200124,2128,
43310020,2129,
43320027,2130,
43320028,2131,
43320227,2132,
43330001,2133,27000055.0
43330002,2134,
43330003,2135,
43330004,2136,
43330005,2137,
43330006,2138,
43340001,2139,
43340002,2140,
43340004,2141,
43340017,2142,
43340088,2143,
43340345,2144,
43340362,2145,
43340722,2146,
43340744,2147,27000045.0
43340755,2148,
43340756,2149,28000051.0
43340757,2150,
43340759,2151,28000001.0
43340760,2152,
43340761,2153,27000004.0
43340767,2154,
43340776,2155,
43340789,2156,
43340844,2157,
43340859,2158,
43341126,2159,
43341127,2160,
43348767,2161,
43349767,2162,
43400001,2163,
43400002,2164,
43400017,2165,
43600028,2166,
43600041,2167,27000615.0
43600042,2168,27000638.0
43600043,2169,27000035.0
43600051,2170,27000003.0
43600343,2171,27000975.0
43601142,2172,27000671.0
43602599,2173,
43603342,2174,27000002.0
44110001,2175,
44110002,2176,
44110012,2177,
44110017,2178,23000055.0
44110018,2179,
44110023,2180,
44110024,2181,
44110026,2182,23000248.0
44110027,2183,
44110076,2184,
44110099,2185,
44120001,2186,
44120002,2187,
44120003,2188,
44120017,2189,
44120020,2190,
44120021,2191,23000587.0
44130001,2192,
44130002,2193,
44130023,2194,
44200001,2195,
44300001,2196,
44300002,2197,
44400020,2198,
44500017,2199,27000021.0
44500021,2200,
44500027,2201,
44500029,2202,
44600028,2203,
44600128,2204,
44600413,2205,26000080.0
44600750,2206,26000151.0
44600888,2207,
44601099,2208,26000190.0
44601102,2209,26000082.0
44601103,2210,
44601111,2211,
44601164,2212,
44601165,2213,
44601182,2214,
44601185,2215,26000096.0
44601187,2216,
44601235,2217,26000114.0
44601236,2218,26000111.0
44601238,2219,26000103.0
44601239,2220,26000084.0
44601240,2221,
44601241,2222,
44601316,2223,
44601317,2224,
44601338,2225,26000170.0
44601340,2226,
44605111,2227,26000037.0
45100001,2228,
45100002,2229,
45100003,2230,
45100017,2231,
45100018,2232,
45100088,2233,
45100111,2234,23000994.0
51100001,2235,
51100002,2236,
51100003,2237,
51100004,2238,
51100017,2239,
51100024,2240,
51100054,2241,
51100117,2242,43000432.0
51200001,2243,
51200003,2244,
51200004,2245,
51200017,2246,
51200026,2247,43000408.0
51200111,2248,
51200333,2249,
51200400,2250,
51200430,2251,43000001.0
51200453,2252,43000246.0
51200553,2253,
51200555,2254,
51200899,2255,
51310001,2256,
51320001,2257,
51320002,2258,
51320003,2259,33000003.0
51320004,2260,
51320005,2261,
51320017,2262,29000232.0
51320366,2263,
51320723,2264,
51320766,2265,33000004.0
51325974,2266,
51325978,2267,
51326847,2268,
51326874,2269,
51326974,2270,
51330001,2271,
51330002,2272,
51330004,2273,
51330005,2274,29000009.0
51330028,2275,
51330029,2276,
51330128,2277,
51330428,2278,
51340028,2279,
51340328,2280,
51350001,2281,
51350002,2282,
51350003,2283,
51350017,2284,
51350032,2285,
51350112,2286,
51350423,2287,
51350461,2288,32000001.0
51350463,2289,
51350484,2290,32000004.0
51350508,2291,32000022.0
51350623,2292,32000002.0
51350624,2293,
51350649,2294,
51350665,2295,
51350672,2296,
51350682,2297,32000013.0
51350686,2298,
51350777,2299,
51350857,2300,
51350858,2301,
51350859,2302,
51350860,2303,
51350861,2304,
51350862,2305,32000030.0
51350865,2306,
51350866,2307,32000020.0
51350867,2308,32000019.0
51350884,2309,
51357536,2310,32000018.0
52100003,2311,
52100017,2312,
52200001,2313,
52200002,2314,
52200004,2315,
52200008,2316,
52400001,2317,
52400021,2318,
52400023,2319,
52400081,2320,
52410020,2321,
52410055,2322,43000007.0
52610001,2323,
52610009,2324,
52620001,2325,
52620007,2326,
52630001,2327,
52630002,2328,
52630006,2329,
52630011,2330,
52630088,2331,
52630415,2332,34000019.0
52630615,2333,34000003.0
52630616,2334,34000023.0
52630648,2335,
52630664,2336,
52630687,2337,
52630688,2338,
52630712,2339,
52630733,2340,34000469.0
52630734,2341,
52630738,2342,34000260.0
52630768,2343,
52630769,2344,34000002.0
52630770,2345,
52631135,2346,
52631252,2347,
52631257,2348,
52631258,2349,
52631259,2350,
52631415,2351,34000024.0
52632768,2352,
52640001,2353,33000318.0
52640002,2354,
52640003,2355,
53100020,2356,
53200001,2357,
53300019,2358,
53300026,2359,46000641.0
53300096,2360,
53300119,2361,
53300219,2362,
53300319,2363,
53300419,2364,
53400020,2365,
53400021,2366,
53410001,2367,
53410002,2368,
53410003,2369,
53410043,2370,
53410077,2371,
53410771,2372,
53411124,2373,
53411137,2374,37000038.0
53411183,2375,
53411194,2376,
53500023,2377,
53500024,2378,
53500507,2379,37000011.0
53600001,2380,
54010001,2381,
54020001,2382,
54020081,2383,
54030001,2384,
54100001,2385,
54100002,2386,46000642.0
54100021,2387,
54100082,2388,46000174.0
54110001,2389,
54110111,2390,
54110237,2391,
54110258,2392,
54110444,2393,46000001.0
54110637,2394,46000030.0
54110676,2395,
54120020,2396,
54130003,2397,
54130031,2398,
54130032,2399,
54130033,2400,46000020.0
54130073,2401,
54130333,2402,
54140020,2403,
54300001,2404,
54400001,2405,
54400002,2406,
54400004,2407,
54400008,2408,
54400017,2409,
54400772,2410,37000034.0
54400773,2411,
54400777,2412,
54401138,2413,
54401139,2414,
54401140,2415,
54401144,2416,
54401222,2417,
54401223,2418,
54401258,2419,
54401259,2420,
54401458,2421,
54500001,2422,
54600020,2423,
54600023,2424,
54600027,2425,
54600222,2426,37000039.0
54700001,2427,
55100001,2428,46000608.0
55100004,2429,
55100044,2430,
55100051,2431,
55200027,2432,
55200028,2433,
55300001,2434,
55300002,2435,
55310028,2436,
55310088,2437,
55310328,2438,
56100001,2439,
56210001,2440,
56210002,2441,
56210020,2442,
56210029,2443,
56210042,2444,
56210432,2445,46000017.0
56210433,2446,
56210451,2447,
56210893,2448,
56210894,2449,46000018.0
56217895,2450,46000019.0
56220001,2451,
56220002,2452,
56220003,2453,
56220066,2454,
56300001,2455,
56300061,2456,
56400001,2457,
56400081,2458,
56500001,2459,
56500011,2460,
56500111,2461,
56600001,2462,41000024.0
56600002,2463,
56600003,2464,
56600010,2465,
57110001,2466,
57110002,2467,
57110003,2468,
57110022,2469,
57110023,2470,41000140.0
57110073,2471,
57110123,2472,
57110145,2473,41000695.0
57110323,2474,41000141.0
57115145,2475,
57210028,2476,
57210029,2477,
57210030,2478,
57210069,2479,
57210099,2480,
57220017,2481,
57220018,2482,
57220019,2483,
57220020,2484,
57220028,2485,
57220030,2486,
57220034,2487,
57220055,2488,41000124.0
57220066,2489,
57220077,2490,
57220088,2491,
57220099,2492,
57220166,2493,41000129.0
57220534,2494,41000014.0
57220555,2495,
57230001,2496,
57300001,2497,
57300011,2498,
57310020,2499,
57320017,2500,
57320028,2501,
57320057,2502,
57320068,2503,
57320157,2504,
57320517,2505,
57320518,2506,
57320728,2507,
57400011,2508,
57400041,2509,
58010020,2510,
58100028,2511,
58100058,2512,
58100060,2513,
58100063,2514,
58100068,2515,
58100098,2516,
58100160,2517,
58200001,2518,
58200002,2519,
58200003,2520,
58200004,2521,
58200005,2522,
58200006,2523,
58200022,2524,
58200033,2525,
58200045,2526,
58200077,2527,
58200555,2528,41000391.0
58300001,2529,
58400020,2530,
58400021,2531,
58400024,2532,41000284.0
58400066,2533,
58410001,2534,
58410547,2535,41000012.0
58416548,2536,
58500001,2537,37000261.0
58500002,2538,
58500003,2539,37000249.0
58500012,2540,
58500013,2541,
58500033,2542,
58500044,2543,
58500125,2544,37000255.0
58500333,2545,
58501244,2546,37000259.0
58600023,2547,
58600053,2548,
58600099,2549,
58700023,2550,
59100001,2551,
59100002,2552,41000020.0
59100017,2553,
59100018,2554,
59100019,2555,
59100023,2556,
59100024,2557,
59100717,2558,
59110023,2559,
59110024,2560,
59110043,2561,
59110053,2562,
59110063,2563,
59110073,2564,
59110663,2565,
59130020,2566,
59200001,2567,
59200002,2568,
59210020,2569,
59210023,2570,
59210028,2571,
59210029,2572,
59220020,2573,
59230001,2574,
59230071,2575,
59230078,2576,
59230081,2577,
59231292,2578,41000016.0
59240001,2579,
59300001,2580,
59300002,2581,
59300011,2582,
59300012,2583,
59300023,2584,
59300043,2585,
59300044,2586,
59300071,2587,
61000020,2588,
61000222,2589,
61100001,2590,
61100002,2591,
61100003,2592,
61100005,2593,
61200001,2594,
61200002,2595,
61200003,2596,
61200017,2597,
61200022,2598,
61200023,2599,
61200025,2600,
61200112,2601,
61200294,2602,
61200400,2603,
61200711,2604,
61200722,2605,
61200733,2606,
61200742,2607,55000015.0
61200743,2608,55000018.0
61200744,2609,
61200745,2610,55000017.0
61200756,2611,
61200765,2612,
61200766,2613,55000051.0
61200788,2614,
61200799,2615,
61200800,2616,
61200988,2617,
61201085,2618,55000445.0
61201091,2619,
61201092,2620,
61201093,2621,
61201094,2622,
61201095,2623,55000444.0
61201096,2624,
61201098,2625,
61201111,2626,
61202111,2627,
61300001,2628,
61300002,2629,
61300003,2630,
61300004,2631,
61300006,2632,
61300007,2633,
61300008,2634,
61300017,2635,
61300033,2636,
61300063,2637,
61300096,2638,
61300100,2639,
61300117,2640,
61300200,2641,
61300201,2642,
61300211,2643,
61300217,2644,56000007.0
61300222,2645,
61300230,2646,
61300231,2647,
61300416,2648,
61300422,2649,
61300437,2650,
61300453,2651,56000002.0
61300456,2652,
61300458,2653,
61300469,2654,56000001.0
61300555,2655,56000005.0
61300617,2656,
61300646,2657,56000006.0
61300657,2658,
61300666,2659,
61300692,2660,56000003.0
61300700,2661,
61300875,2662,56000071.0
61300883,2663,
61300898,2664,
61300925,2665,56000070.0
61300985,2666,56000073.0
61301002,2667,
61301194,2668,
61301298,2669,
61301503,2670,
61400001,2671,
61400002,2672,
61410001,2673,
61410031,2674,
61420001,2675,54000009.0
61420111,2676,
61420121,2677,
62010020,2678,
62020001,2679,
62030020,2680,
62040020,2681,
62100019,2682,
62100020,2683,
62100070,2684,
62100079,2685,
62110001,2686,
62110002,2687,
62110042,2688,
62110044,2689,
62110222,2690,54000184.0
62120001,2691,
62200002,2692,
62200003,2693,
62200043,2694,
62210023,2695,
62210033,2696,
62210080,2697,
62210546,2698,54000002.0
62220001,2699,
62220023,2700,54000111.0
62230001,2701,
62230002,2702,
62230003,2703,
62230004,2704,
62230005,2705,
62230006,2706,
62230017,2707,
62230018,2708,
62230020,2709,
62230031,2710,
62230033,2711,
62230034,2712,
62230050,2713,
62230057,2714,57000053.0
62230077,2715,
62230113,2716,
62230168,2717,57000643.0
62230268,2718,
62230402,2719,57000058.0
62230411,2720,
62230428,2721,57000055.0
62230445,2722,
62230488,2723,
62230627,2724,57000049.0
62230647,2725,57000052.0
62230657,2726,
62230668,2727,
62230729,2728,57000059.0
62230744,2729,
62230975,2730,
62230977,2731,
62231011,2732,
62231012,2733,
62231022,2734,
62231033,2735,
62231034,2736,57000048.0
62231044,2737,
62231051,2738,
62231055,2739,
62231058,2740,57000057.0
62231065,2741,
62231066,2742,57000050.0
62231067,2743,57000044.0
62231069,2744,
62231070,2745,
62231071,2746,57000121.0
62231074,2747,
62231075,2748,
62231076,2749,
62231078,2750,
62231080,2751,
62231111,2752,
62231133,2753,
62231221,2754,57001206.0
62231222,2755,57000085.0
62231223,2756,
62231224,2757,
62231225,2758,
62231226,2759,
62231227,2760,
62231228,2761,
62231229,2762,
62231232,2763,
62231233,2764,
62231256,2765,
62231311,2766,57000073.0
62231312,2767,57000063.0
62231313,2768,
62231314,2769,
62231323,2770,
62231334,2771,
62231343,2772,
62231346,2773,
62231356,2774,
62231357,2775,
62231358,2776,
62231359,2777,
62231360,2778,
62231361,2779,57001002.0
62231365,2780,
62231378,2781,57000068.0
62231393,2782,
62231394,2783,
62231414,2784,
62231434,2785,
62231466,2786,
62231508,2787,57000494.0
62231600,2788,
62231729,2789,
62231866,2790,
62231987,2791,
62232065,2792,
62232069,2793,
62232221,2794,57000066.0
62232360,2795,
62232378,2796,
62235861,2797,57000178.0
62236725,2798,
62240001,2799,
62240002,2800,
62240022,2801,
62250001,2802,
62250002,2803,
62250019,2804,60000029.0
62250020,2805,
62250021,2806,
62250022,2807,
62250023,2808,
62250043,2809,
62250044,2810,
62250060,2811,
62250061,2812,
62250066,2813,
62250521,2814,
62250527,2815,
62300023,2816,
62300024,2817,
62320017,2818,61000399.0
62320026,2819,
62320027,2820,
62320127,2821,
62510020,2822,
62510024,2823,
62510025,2824,
62520001,2825,
62520002,2826,
62520003,2827,61000094.0
62520004,2828,
62520005,2829,
62520006,2830,
62520011,2831,
62520022,2832,
62520028,2833,
62520033,2834,61000012.0
62520044,2835,
62520045,2836,
62520047,2837,
62520055,2838,
62520061,2839,
62520066,2840,
62520067,2841,
62520075,2842,
62520077,2843,
62520087,2844,
62520088,2845,
62520114,2846,
62520258,2847,61000011.0
62523848,2848,
62530001,2849,
62530003,2850,
62530033,2851,
62530043,2852,61000441.0
62530044,2853,
62530050,2854,
62530051,2855,
62530052,2856,
62530055,2857,
62530056,2858,
62530059,2859,
62530551,2860,
62530555,2861,
62610027,2862,
62610028,2863,
62610057,2864,
62610077,2865,
62620001,2866,
62620002,2867,
62620003,2868,
62620004,2869,
62620005,2870,
62620006,2871,
62620007,2872,
62620008,2873,
62620009,2874,
62620010,2875,
62620011,2876,
62620013,2877,
62620023,2878,63000007.0
62620029,2879,
62620033,2880,
62620042,2881,64000033.0
62620044,2882,
62620055,2883,
62620059,2884,
62620084,2885,
62620107,2886,
62620457,2887,
62620492,2888,64000025.0
62620927,2889,
62630001,2890,
62630002,2891,
62630003,2892,
62630004,2893,
62630022,2894,
62630041,2895,
62630043,2896,
62630044,2897,
62630062,2898,
62630072,2899,
62630078,2900,
62630141,2901,
62640027,2902,
62640028,2903,
63110001,2904,
63110011,2905,
63110021,2906,
63110050,2907,
63120020,2908,
63130001,2909,
63130003,2910,
63210001,2911,
63210002,2912,
63210003,2913,
63210022,2914,
63210023,2915,
63210060,2916,
63220001,2917,
63220002,2918,
63230020,2919,
63230022,2920,
63300001,2921,
63300002,2922,
63300003,2923,
63300004,2924,
63300005,2925,
63300017,2926,
63300029,2927,
63300074,2928,
63300079,2929,
63300117,2930,
63300446,2931,61000013.0
63300455,2932,
63300470,2933,
63300472,2934,
63300475,2935,
63300933,2936,
64200001,2937,
64200002,2938,
64200011,2939,
64200525,2940,62000015.0
64210001,2941,
64210002,2942,
64210003,2943,
64210004,2944,
64210011,2945,
64210023,2946,
64210033,2947,
64210062,2948,
64210066,2949,
64210067,2950,
64210072,2951,
64210078,2952,
64210082,2953,
64210166,2954,
64210734,2955,
64210745,2956,
64210759,2957,
64210766,2958,
64210788,2959,62000017.0
64211129,2960,62000022.0
64211130,2961,62000014.0
64211131,2962,
64211255,2963,
64218263,2964,
64219845,2965,62000012.0
64220020,2966,
64300001,2967,
64300002,2968,
64300003,2969,
64300004,2970,
64300005,2971,
64300012,2972,
64300026,2973,
64300032,2974,
64300045,2975,
64300065,2976,
64300113,2977,47000092.0
64400001,2978,
65100020,2979,
65100028,2980,
65100029,2981,47000422.0
65100047,2982,
65100068,2983,
65100069,2984,
65100129,2985,47000429.0
65100147,2986,47000061.0
65100168,2987,47000060.0
65100187,2988,
65100229,2989,47001025.0
65100231,2990,
65110024,2991,
65110025,2992,
65110030,2993,
65110224,2994,47000659.0
65120001,2995,
65120003,2996,
65120020,2997,
65120022,2998,
65120032,2999,
65120222,3000,
65120382,3001,
65120782,3002,47000001.0
65200001,3003,
65200002,3004,
65200003,3005,
65200007,3006,
65201117,3007,47001141.0
65210001,3008,
65210002,3009,
65220020,3010,
65300001,3011,
65300002,3012,
65300003,3013,
65300017,3014,
65300018,3015,
65310001,3016,
65310017,3017,
65320020,3018,
65330001,3019,
65400020,3020,
65410020,3021,
65410021,3022,
65420001,3023,
66100001,3024,
66100002,3025,
66200020,3026,
66300001,3027,
66300021,3028,
66400020,3029,
66500001,3030,
66500002,3031,
66500003,3032,
66500004,3033,
66500011,3034,
66500019,3035,
66500020,3036,
66500033,3037,
66500045,3038,
66500222,3039,47001065.0
66500433,3040,47000036.0
66500434,3041,
66500444,3042,47000037.0
66500474,3043,
66500491,3044,
66500568,3045,
66500569,3046,47000032.0
66500949,3047,
66501001,3048,
67010020,3049,
67100020,3050,
67210001,3051,
67210071,3052,
67210075,3053,
67220001,3054,
67220002,3055,44000020.0
67220003,3056,44000191.0
67220020,3057,
67220029,3058,44000106.0
67220080,3059,44000188.0
67220120,3060,
67220121,3061,44000590.0
67221211,3062,
67221212,3063,
67221213,3064,
67221222,3065,
67221224,3066,
67221267,3067,44000021.0
67221278,3068,
67221282,3069,
67221284,3070,44000177.0
67221287,3071,
67221288,3072,
67221299,3073,
67221301,3074,
67221378,3075,
67400001,3076,
67510001,3077,
67510002,3078,
67510003,3079,
67510021,3080,
67510022,3081,
67520020,3082,
67520021,3083,
67521121,3084,
67530020,3085,
67600020,3086,
71100001,3087,
71100017,3088,
71100021,3089,
71100041,3090,
71100061,3091,
71100111,3092,
71220002,3093,
71220003,3094,
71220004,3095,59000005.0
71220005,3096,
71220013,3097,
71220014,3098,
71220022,3099,
71220024,3100,
71220025,3101,
71220026,3102,
71220029,3103,
71220039,3104,
71220088,3105,
71220124,3106,
71220129,3107,
71220222,3108,
71220225,3109,
71220229,3110,
71220412,3111,
71220445,3112,59000006.0
71220489,3113,
71220630,3114,
71220722,3115,
71220845,3116,
71220956,3117,
71222224,3118,
71240001,3119,
71240002,3120,
71240003,3121,
71240111,3122,
71240137,3123,
71240431,3124,
71240445,3125,
71240456,3126,58000047.0
71240477,3127,
71240796,3128,
71240797,3129,
71240853,3130,
71240904,3131,
71241188,3132,
71241189,3133,58000019.0
71241190,3134,
71241197,3135,
71241296,3136,
71241297,3137,
71241445,3138,
71249522,3139,
71260001,3140,
71260002,3141,
71260003,3142,
71260017,3143,
71260020,3144,
71260043,3145,
71260044,3146,
71260045,3147,
71260061,3148,
71260073,3149,
71260444,3150,
71260810,3151,53000010.0
71261165,3152,
71261286,3153,
71261444,3154,53000618.0
71262444,3155,
71270001,3156,
71270002,3157,
71270003,3158,
71270043,3159,
71270045,3160,
71270066,3161,
71270072,3162,
71270073,3163,
71270074,3164,
71270083,3165,
71270476,3166,53000011.0
71270819,3167,53000235.0
71271171,3168,
71271172,3169,
71280002,3170,
71280003,3171,
71280004,3172,
71280012,3173,
71280022,3174,
71280111,3175,
71280643,3176,
71280644,3177,
71280649,3178,
71280650,3179,
71280843,3180,
71288759,3181,53000028.0
71288760,3182,
71300001,3183,
72010020,3184,
72100001,3185,
72100002,3186,
72160001,3187,53000029.0
72160002,3188,
72160032,3189,
72160033,3190,
72160278,3191,
72160280,3192,
72160327,3193,
72160462,3194,
72160477,3195,
72161183,3196,
72161293,3197,
72200001,3198,
72200002,3199,
72200011,3200,
72200022,3201,
72200051,3202,
72200567,3203,50000048.0
72200633,3204,50000051.0
72200776,3205,
72201143,3206,
72201144,3207,50000045.0
72201145,3208,
72201153,3209,
72201154,3210,
72201177,3211,
72201261,3212,50000046.0
72201263,3213,50000058.0
72201264,3214,
72201265,3215,50000055.0
72201266,3216,
72201268,3217,
72201269,3218,
72201287,3219,
72201334,3220,
72201336,3221,
72201373,3222,
72201548,3223,
72204587,3224,
72300001,3225,
72300002,3226,
72300017,3227,
72300022,3228,
72300411,3229,50000056.0
72300422,3230,
72300455,3231,50000057.0
72300488,3232,
72300820,3233,
72300877,3234,
72300880,3235,
72300924,3236,
72300944,3237,
72300995,3238,
72301199,3239,
72400001,3240,
73100028,3241,
73100029,3242,
73100046,3243,
73100060,3244,
73100067,3245,
73100070,3246,
73100078,3247,
73100088,3248,
73100098,3249,
73100127,3250,
73100178,3251,
73101258,3252,48000317.0
73200021,3253,
73200028,3254,
73200048,3255,
73200051,3256,
73200068,3257,48000115.0
73200111,3258,
73200148,3259,
73200221,3260,
73200222,3261,
73200558,3262,48000011.0
73200631,3263,48000004.0
73200784,3264,
73200785,3265,48000006.0
73200793,3266,
73200794,3267,
73200795,3268,
73200796,3269,
73200797,3270,
73200798,3271,
73200799,3272,
73200863,3273,
73300001,3274,
73300011,3275,
73300468,3276,48000010.0
73300777,3277,
73300836,3278,
81100001,3279,
81100002,3280,
81100003,3281,
81100042,3282,
81100043,3283,
81100044,3284,
81100082,3285,
82100001,3286,
82100002,3287,
82100011,3288,
82100012,3289,
82100052,3290,
82100055,3291,
82100062,3292,
82100422,3293,
82100426,3294,
82100434,3295,
82100466,3296,
82100476,3297,
82100478,3298,
82100493,3299,
82100496,3300,
82100934,3301,
82200001,3302,
82200002,3303,
82200003,3304,
82200004,3305,
82200005,3306,
82200016,3307,
82200017,3308,
82200020,3309,
82200022,3310,
82200033,3311,
82200054,3312,
91000020,3313,
91100015,3314,
91100017,3315,
91100028,3316,
91100517,3317,
91200001,3318,
91200002,3319,
91200017,3320,
91200023,3321,
91200114,3322,
91200333,3323,
91200485,3324,66000014.0
91300001,3325,
91300002,3326,
91300003,3327,
91300004,3328,
91300005,3329,
91300006,3330,
91300007,3331,67000018.0
91300011,3332,
91300012,3333,
91300017,3334,
91300019,3335,
91300022,3336,
91300025,3337,
91300026,3338,
91300043,3339,
91300044,3340,
91300047,3341,
91300048,3342,
91300049,3343,
91300065,3344,
91300083,3345,
91400001,3346,
91400002,3347,
91400003,3348,
91400017,3349,
91400028,3350,
91400055,3351,
91400056,3352,
91500001,3353,
91500002,3354,
91500003,3355,
91500004,3356,
91500005,3357,
91500006,3358,67000017.0
91500011,3359,
91500012,3360,
91500013,3361,
91500014,3362,
91500017,3363,
91500022,3364,
91500023,3365,
91500026,3366,
91500029,3367,
91500055,3368,67000019.0
91500064,3369,
91500081,3370,
91500082,3371,
91500111,3372,
91500444,3373,
91504525,3374,67000030.0
91506578,3375,66000034.0
92100001,3376,
92100002,3377,
92100004,3378,
92100005,3379,
92200001,3380,
92200002,3381,
92200003,3382,
92200017,3383,
92200061,3384,
93000020,3385,
93100017,3386,
93100018,3387,
93100020,3388,
93100023,3389,
93100024,3390,
93100029,3391,
93100063,3392,
93100073,3393,
93100129,3394,
93100229,3395,
93100621,3396,
93100742,3397,
93200001,3398,
93200003,3399,
93210001,3400,
93210111,3401,60000650.0
93210145,3402,60000212.0
93300001,3403,
93300002,3404,
93300004,3405,
93300022,3406,
93300484,3407,60000031.0
93300847,3408,
93300878,3409,
93300885,3410,
93301196,3411,
93301299,3412,
93301346,3413,
93310020,3414,
93500001,3415,
93500002,3416,
93500003,3417,
93500011,3418,
93500019,3419,
93500021,3420,
93500029,3421,
93500033,3422,
93500036,3423,
93500055,3424,
93500062,3425,
93500089,3426,
93500129,3427,
93500189,3428,
93500333,3429,
93500335,3430,
93500433,3431,60000036.0
93500471,3432,
93500560,3433,60000027.0
93500967,3434,
93600001,3435,
93600002,3436,
93600003,3437,
93600017,3438,
93600020,3439,60000037.0
93600032,3440,
93600033,3441,
93600038,3442,
93600111,3443,
93600333,3444,
93600517,3445,
93600537,3446,60000035.0
99994856,3447,
